task_id,task_type,monolith_model,monolith_passed,monolith_attempts,monolith_retries,monolith_tokens,monolith_cost_usd,monolith_latency_ms,market_winner,market_passed,market_retries,market_tokens,market_cost_usd,market_latency_ms,market_price
code-01,code,nvidia/nemotron-3-super-120b-a12b,True,1,0,377,0.0005159,3421.19,worker-nano,True,0,488,0.00080762,2590.14,0.5
code-02,code,nvidia/nemotron-3-super-120b-a12b,True,1,0,427,0.0005955,2080.94,worker-nano,True,0,415,0.00055418,1736.2,5.0
code-03,code,nvidia/nemotron-3-super-120b-a12b,True,1,0,420,0.0006225,2207.06,worker-nano,True,0,396,0.00054778,1687.67,1.0
code-04,code,nvidia/nemotron-3-super-120b-a12b,True,1,0,658,0.0008674,2254.24,worker-nano,True,0,610,0.0008838,2768.74,1.0
code-05,code,nvidia/nemotron-3-super-120b-a12b,True,1,0,509,0.0006461,2477.55,worker-nano,True,0,537,0.00056146,2961.1,5.0
code-06,code,nvidia/nemotron-3-super-120b-a12b,True,1,0,706,0.0010969,2934.06,worker-nano,True,0,889,0.0016089,3573.94,0.5
code-07,code,nvidia/nemotron-3-super-120b-a12b,True,1,0,563,0.0007349,2208.36,worker-nano,True,0,604,0.0006101,2614.05,0.1
code-08,code,nvidia/nemotron-3-super-120b-a12b,True,1,0,638,0.0009838,2216.61,worker-nano,True,0,675,0.00086316,3023.49,1.0
code-09,code,nvidia/nemotron-3-super-120b-a12b,True,1,0,708,0.0008523,2637.81,worker-nano,True,0,731,0.00106318,2249.5,2.0
code-10,code,nvidia/nemotron-3-super-120b-a12b,True,1,0,730,0.0011087,2926.63,worker-nano,True,0,539,0.0005377,2383.3,1.0
code-11,code,nvidia/nemotron-3-super-120b-a12b,True,1,0,672,0.0010097,3749.03,worker-nano,True,0,1209,0.00249106,4142.13,1.5
code-12,code,nvidia/nemotron-3-super-120b-a12b,True,1,0,634,0.0008327,2290.01,worker-nano,True,0,992,0.00170858,3876.68,1.0
code-13,code,nvidia/nemotron-3-super-120b-a12b,True,1,0,622,0.0008095,3069.45,worker-nano,True,0,635,0.00072194,2351.92,1.0
code-14,code,nvidia/nemotron-3-super-120b-a12b,True,1,0,846,0.0014849,3001.32,worker-nano,True,0,838,0.00132528,3118.71,0.5
code-15,code,nvidia/nemotron-3-super-120b-a12b,True,1,0,951,0.0014696,4785.11,worker-nano,True,0,745,0.0010096,2805.66,1.0
code-16,code,nvidia/nemotron-3-super-120b-a12b,True,1,0,733,0.0009837,2992.63,worker-nano,True,0,797,0.00106662,3051.27,2.5
code-17,code,nvidia/nemotron-3-super-120b-a12b,True,1,0,1066,0.0015216,3872.75,worker-nano,True,0,800,0.00146098,2917.61,1.0
code-18,code,nvidia/nemotron-3-super-120b-a12b,True,1,0,1461,0.0024101,4261.47,worker-nano,True,0,1538,0.00271114,5113.96,1.0
code-19,code,nvidia/nemotron-3-super-120b-a12b,True,1,0,746,0.001092,3182.08,worker-nano,True,0,770,0.0011184,2470.57,5.0
code-20,code,nvidia/nemotron-3-super-120b-a12b,True,1,0,1067,0.0018524,4470.2,worker-nano,True,0,1053,0.00172998,3592.25,1.0
